elevation,system:index,name
0,0,node0
4,1,node1
5,2,node2
59,3,node3
5,4,node4
80,5,node5
4,6,node6
0,7,node7
239,8,node8
32,9,node9
10,10,node10
6,11,node11
10,12,node12
412,13,node13
4,14,node14
41,15,node15
9,16,node16
0,17,node17
7,18,node18
21,19,node19
0,20,node20
28,21,node21
7,22,node22
5,23,node23
0,24,node24
10,25,node25
82,26,node26
19,27,node27
5,28,node28
37,29,node29
5,30,node30
198,31,node31
0,32,node32
3,33,node33
0,34,node34
94,35,node35
0,36,node36
6,37,node37
0,38,node38
0,39,node39
33,40,node40
3,41,node41
46,42,node42
11,43,node43
4,44,node44
116,45,node45
6,46,node46
70,47,node47
0,48,node48
0,49,node49
0,50,node50
0,51,node51
87,52,node52
6,53,node53
4,54,node54
16,55,node55
0,56,node56
0,57,node57
28,58,node58
5,59,node59
5,60,node60
8,61,node61
6,62,node62
0,63,node63
4,64,node64
6,65,node65
5,66,node66
6,67,node67
10,68,node68
0,69,node69
3,70,node70
58,71,node71
6,72,node72
11,73,node73
29,74,node74
5,75,node75
6,76,node76
7,77,node77
4,78,node78
428,79,node79
9,80,node80
6,81,node81
4,82,node82
0,83,node83
6,84,node84
0,85,node85
0,86,node86
15,87,node87
61,88,node88
6,89,node89
43,90,node90
6,91,node91
14,92,node92
0,93,node93
6,94,node94
5,95,node95
5,96,node96
36,97,node97
0,98,node98
0,99,node99
43,100,node100
15,101,node101
45,102,node102
5,103,node103
91,104,node104
3,105,node105
5,106,node106
6,107,node107
44,108,node108
13,109,node109
0,110,node110
0,111,node111
0,112,node112
3,113,node113
26,114,node114
218,115,node115
7,116,node116
34,117,node117
6,118,node118
0,119,node119
51,120,node120
5,121,node121
4,122,node122
18,123,node123
0,124,node124
7,125,node125
5,126,node126
393,127,node127
6,128,node128
26,129,node129
0,130,node130
4,131,node131
38,132,node132
19,133,node133
5,134,node134
3,135,node135
0,136,node136
0,137,node137
29,138,node138
15,139,node139
7,140,node140
6,141,node141
131,142,node142
5,143,node143
0,144,node144
53,145,node145
0,146,node146
5,147,node147
7,148,node148
4,149,node149
45,150,node150
0,151,node151
4,152,node152
19,153,node153
29,154,node154
31,155,node155
6,156,node156
0,157,node157
0,158,node158
17,159,node159
5,160,node160
6,161,node161
9,162,node162
27,163,node163
34,164,node164
0,165,node165
0,166,node166
51,167,node167
0,168,node168
232,169,node169
87,170,node170
413,171,node171
38,172,node172
45,173,node173
7,174,node174
7,175,node175
7,176,node176
5,177,node177
17,178,node178
7,179,node179
18,180,node180
38,181,node181
3,182,node182
7,183,node183
11,184,node184
0,185,node185
0,186,node186
0,187,node187
41,188,node188
4,189,node189
0,190,node190
18,191,node191
90,192,node192
0,193,node193
0,194,node194
8,195,node195
8,196,node196
6,197,node197
59,198,node198
0,199,node199
5,200,node200
6,201,node201
0,202,node202
0,203,node203
30,204,node204
0,205,node205
0,206,node206
9,207,node207
8,208,node208
4,209,node209
8,210,node210
16,211,node211
5,212,node212
0,213,node213
0,214,node214
0,215,node215
23,216,node216
0,217,node217
0,218,node218
0,219,node219
44,220,node220
76,221,node221
4,222,node222
0,223,node223
6,224,node224
6,225,node225
210,226,node226
5,227,node227
6,228,node228
4,229,node229
8,230,node230
10,231,node231
9,232,node232
4,233,node233
0,234,node234
0,235,node235
0,236,node236
0,237,node237
3,238,node238
0,239,node239
33,240,node240
30,241,node241
0,242,node242
0,243,node243
8,244,node244
6,245,node245
7,246,node246
0,247,node247
0,248,node248
8,249,node249
10,250,node250
4,251,node251
0,252,node252
32,253,node253
0,254,node254
8,255,node255
13,256,node256
70,257,node257
28,258,node258
9,259,node259
10,260,node260
232,261,node261
23,262,node262
356,263,node263
0,264,node264
8,265,node265
5,266,node266
5,267,node267
5,268,node268
3,269,node269
5,270,node270
5,271,node271
0,272,node272
32,273,node273
5,274,node274
32,275,node275
6,276,node276
0,277,node277
69,278,node278
0,279,node279
4,280,node280
10,281,node281
8,282,node282
4,283,node283
0,284,node284
6,285,node285
0,286,node286
0,287,node287
5,288,node288
54,289,node289
19,290,node290
102,291,node291
7,292,node292
26,293,node293
9,294,node294
0,295,node295
7,296,node296
11,297,node297
26,298,node298
38,299,node299
12,300,node300
26,301,node301
7,302,node302
0,303,node303
42,304,node304
5,305,node305
0,306,node306
6,307,node307
7,308,node308
4,309,node309
3,310,node310
3,311,node311
5,312,node312
44,313,node313
2,314,node314
6,315,node315
18,316,node316
18,317,node317
0,318,node318
0,319,node319
44,320,node320
2,321,node321
51,322,node322
5,323,node323
0,324,node324
0,325,node325
0,326,node326
6,327,node327
52,328,node328
5,329,node329
1,330,node330
119,331,node331
0,332,node332
0,333,node333
0,334,node334
8,335,node335
13,336,node336
0,337,node337
0,338,node338
30,339,node339
7,340,node340
8,341,node341
0,342,node342
0,343,node343
64,344,node344
6,345,node345
0,346,node346
35,347,node347
16,348,node348
16,349,node349
30,350,node350
0,351,node351
0,352,node352
0,353,node353
0,354,node354
18,355,node355
0,356,node356
42,357,node357
7,358,node358
13,359,node359
49,360,node360
131,361,node361
266,362,node362
0,363,node363
0,364,node364
32,365,node365
4,366,node366
19,367,node367
0,368,node368
0,369,node369
0,370,node370
0,371,node371
5,372,node372
12,373,node373
0,374,node374
0,375,node375
0,376,node376
0,377,node377
0,378,node378
1,379,node379
0,380,node380
5,381,node381
6,382,node382
4,383,node383
165,384,node384
0,385,node385
0,386,node386
54,387,node387
3,388,node388
7,389,node389
7,390,node390
5,391,node391
5,392,node392
0,393,node393
4,394,node394
0,395,node395
0,396,node396
13,397,node397
6,398,node398
0,399,node399
5,400,node400
10,401,node401
7,402,node402
44,403,node403
0,404,node404
311,405,node405
0,406,node406
0,407,node407
5,408,node408
8,409,node409
55,410,node410
68,411,node411
19,412,node412
3,413,node413
9,414,node414
6,415,node415
18,416,node416
0,417,node417
41,418,node418
3,419,node419
5,420,node420
82,421,node421
0,422,node422
53,423,node423
4,424,node424
2,425,node425
138,426,node426
0,427,node427
18,428,node428
0,429,node429
0,430,node430
406,431,node431
0,432,node432
5,433,node433
271,434,node434
55,435,node435
12,436,node436
0,437,node437
13,438,node438
4,439,node439
49,440,node440
7,441,node441
5,442,node442
0,443,node443
7,444,node444
35,445,node445
2,446,node446
9,447,node447
4,448,node448
0,449,node449
7,450,node450
32,451,node451
157,452,node452
165,453,node453
10,454,node454
4,455,node455
27,456,node456
0,457,node457
7,458,node458
24,459,node459
0,460,node460
4,461,node461
2,462,node462
0,463,node463
8,464,node464
2,465,node465
4,466,node466
30,467,node467
14,468,node468
296,469,node469
13,470,node470
5,471,node471
0,472,node472
18,473,node473
5,474,node474
45,475,node475
5,476,node476
29,477,node477
4,478,node478
114,479,node479
15,480,node480
429,481,node481
7,482,node482
52,483,node483
4,484,node484
226,485,node485
6,486,node486
10,487,node487
0,488,node488
8,489,node489
43,490,node490
4,491,node491
43,492,node492
154,493,node493
81,494,node494
0,495,node495
4,496,node496
0,497,node497
66,498,node498
0,499,node499
0,500,node500
0,501,node501
294,502,node502
3,503,node503
8,504,node504
223,505,node505
11,506,node506
6,507,node507
45,508,node508
0,509,node509
7,510,node510
6,511,node511
3,512,node512
5,513,node513
0,514,node514
3,515,node515
59,516,node516
5,517,node517
11,518,node518
43,519,node519
68,520,node520
76,521,node521
91,522,node522
74,523,node523
57,524,node524
198,525,node525
66,526,node526
81,527,node527
95,528,node528
50,529,node529
157,530,node530
98,531,node531
55,532,node532
46,533,node533
54,534,node534
45,535,node535
13,536,node536
54,537,node537
0,538,node538
94,539,node539
55,540,node540
4,541,node541
6,542,node542
7,543,node543
35,544,node544
16,545,node545
43,546,node546
5,547,node547
29,548,node548
26,549,node549
47,550,node550
7,551,node551
6,552,node552
36,553,node553
21,554,node554
0,555,node555
5,556,node556
74,557,node557
0,558,node558
4,559,node559
7,560,node560
14,561,node561
9,562,node562
14,563,node563
12,564,node564
11,565,node565
13,566,node566
9,567,node567
9,568,node568
11,569,node569
11,570,node570
7,571,node571
26,572,node572
10,573,node573
5,574,node574
5,575,node575
10,576,node576
7,577,node577
28,578,node578
8,579,node579
14,580,node580
11,581,node581
15,582,node582
5,583,node583
2,584,node584
0,585,node585
2,586,node586
22,587,node587
21,588,node588
6,589,node589
3,590,node590
4,591,node591
4,592,node592
5,593,node593
2,594,node594
5,595,node595
14,596,node596
2,597,node597
6,598,node598
0,599,node599
5,600,node600
10,601,node601
2,602,node602
0,603,node603
4,604,node604
15,605,node605
4,606,node606
6,607,node607
0,608,node608
4,609,node609
0,610,node610
2,611,node611
3,612,node612
0,613,node613
6,614,node614
0,615,node615
2,616,node616
0,617,node617
0,618,node618
0,619,node619
108,620,node620
5,621,node621
2,622,node622
5,623,node623
6,624,node624
2,625,node625
5,626,node626
2,627,node627
4,628,node628
8,629,node629
0,630,node630
0,631,node631
4,632,node632
13,633,node633
0,634,node634
0,635,node635
4,636,node636
2,637,node637
0,638,node638
3,639,node639
14,640,node640
7,641,node641
5,642,node642
6,643,node643
4,644,node644
18,645,node645
0,646,node646
5,647,node647
41,648,node648
15,649,node649
4,650,node650
0,651,node651
0,652,node652
7,653,node653
6,654,node654
4,655,node655
183,656,node656
4,657,node657
1,658,node658
19,659,node659
4,660,node660
3,661,node661
11,662,node662
0,663,node663
5,664,node664
0,665,node665
5,666,node666
0,667,node667
4,668,node668
5,669,node669
4,670,node670
4,671,node671
6,672,node672
9,673,node673
5,674,node674
0,675,node675
7,676,node676
0,677,node677
5,678,node678
0,679,node679
0,680,node680
2,681,node681
81,682,node682
0,683,node683
0,684,node684
5,685,node685
4,686,node686
8,687,node687
0,688,node688
45,689,node689
3,690,node690
5,691,node691
0,692,node692
0,693,node693
36,694,node694
57,695,node695
3,696,node696
0,697,node697
120,698,node698
0,699,node699
5,700,node700
11,701,node701
24,702,node702
1,703,node703
3,704,node704
0,705,node705
3,706,node706
4,707,node707
5,708,node708
3,709,node709
10,710,node710
4,711,node711
1,712,node712
2,713,node713
59,714,node714
3,715,node715
4,716,node716
-1,717,node717
4,718,node718
4,719,node719
6,720,node720
6,721,node721
4,722,node722
0,723,node723
22,724,node724
14,725,node725
0,726,node726
0,727,node727
0,728,node728
11,729,node729
42,730,node730
9,731,node731
0,732,node732
0,733,node733
0,734,node734
2,735,node735
6,736,node736
0,737,node737
11,738,node738
8,739,node739
6,740,node740
22,741,node741
0,742,node742
6,743,node743
15,744,node744
0,745,node745
143,746,node746
3,747,node747
4,748,node748
11,749,node749
3,750,node750
0,751,node751
7,752,node752
4,753,node753
2,754,node754
38,755,node755
4,756,node756
3,757,node757
0,758,node758
5,759,node759
5,760,node760
1,761,node761
4,762,node762
7,763,node763
7,764,node764
10,765,node765
8,766,node766
4,767,node767
15,768,node768
0,769,node769
35,770,node770
0,771,node771
4,772,node772
28,773,node773
4,774,node774
0,775,node775
0,776,node776
0,777,node777
4,778,node778
2,779,node779
3,780,node780
6,781,node781
5,782,node782
18,783,node783
5,784,node784
0,785,node785
7,786,node786
4,787,node787
1,788,node788
0,789,node789
4,790,node790
5,791,node791
96,792,node792
14,793,node793
5,794,node794
43,795,node795
7,796,node796
3,797,node797
4,798,node798
3,799,node799
6,800,node800
2,801,node801
0,802,node802
4,803,node803
18,804,node804
32,805,node805
0,806,node806
14,807,node807
7,808,node808
4,809,node809
40,810,node810
44,811,node811
0,812,node812
31,813,node813
9,814,node814
3,815,node815
4,816,node816
18,817,node817
0,818,node818
4,819,node819
0,820,node820
3,821,node821
5,822,node822
26,823,node823
5,824,node824
39,825,node825
9,826,node826
36,827,node827
3,828,node828
4,829,node829
0,830,node830
5,831,node831
2,832,node832
3,833,node833
3,834,node834
4,835,node835
4,836,node836
0,837,node837
5,838,node838
3,839,node839
0,840,node840
6,841,node841
37,842,node842
37,843,node843
0,844,node844
20,845,node845
18,846,node846
7,847,node847
3,848,node848
7,849,node849
39,850,node850
0,851,node851
2,852,node852
6,853,node853
116,854,node854
11,855,node855
2,856,node856
38,857,node857
0,858,node858
4,859,node859
10,860,node860
0,861,node861
0,862,node862
4,863,node863
3,864,node864
5,865,node865
2,866,node866
1,867,node867
4,868,node868
14,869,node869
6,870,node870
15,871,node871
1,872,node872
2,873,node873
20,874,node874
3,875,node875
0,876,node876
7,877,node877
7,878,node878
3,879,node879
3,880,node880
3,881,node881
1,882,node882
7,883,node883
0,884,node884
4,885,node885
3,886,node886
-1,887,node887
22,888,node888
8,889,node889
0,890,node890
121,891,node891
6,892,node892
5,893,node893
0,894,node894
10,895,node895
5,896,node896
23,897,node897
0,898,node898
3,899,node899
0,900,node900
16,901,node901
3,902,node902
8,903,node903
0,904,node904
41,905,node905
6,906,node906
4,907,node907
4,908,node908
26,909,node909
0,910,node910
97,911,node911
10,912,node912
7,913,node913
0,914,node914
5,915,node915
6,916,node916
0,917,node917
38,918,node918
8,919,node919
3,920,node920
5,921,node921
3,922,node922
2,923,node923
3,924,node924
0,925,node925
4,926,node926
4,927,node927
41,928,node928
4,929,node929
34,930,node930
5,931,node931
0,932,node932
3,933,node933
111,934,node934
0,935,node935
7,936,node936
4,937,node937
4,938,node938
6,939,node939
5,940,node940
3,941,node941
4,942,node942
10,943,node943
0,944,node944
47,945,node945
4,946,node946
0,947,node947
4,948,node948
0,949,node949
6,950,node950
3,951,node951
0,952,node952
3,953,node953
18,954,node954
3,955,node955
13,956,node956
0,957,node957
5,958,node958
1,959,node959
6,960,node960
4,961,node961
5,962,node962
2,963,node963
3,964,node964
0,965,node965
23,966,node966
5,967,node967
25,968,node968
0,969,node969
6,970,node970
0,971,node971
5,972,node972
5,973,node973
7,974,node974
0,975,node975
4,976,node976
4,977,node977
3,978,node978
41,979,node979
7,980,node980
2,981,node981
0,982,node982
3,983,node983
8,984,node984
0,985,node985
6,986,node986
8,987,node987
6,988,node988
3,989,node989
6,990,node990
0,991,node991
5,992,node992
4,993,node993
2,994,node994
6,995,node995
6,996,node996
7,997,node997
2,998,node998
117,999,node999
6,1000,node1000
5,1001,node1001
2,1002,node1002
27,1003,node1003
3,1004,node1004
5,1005,node1005
4,1006,node1006
5,1007,node1007
5,1008,node1008
4,1009,node1009
2,1010,node1010
33,1011,node1011
0,1012,node1012
13,1013,node1013
140,1014,node1014
3,1015,node1015
6,1016,node1016
6,1017,node1017
4,1018,node1018
23,1019,node1019
33,1020,node1020
32,1021,node1021
4,1022,node1022
6,1023,node1023
2,1024,node1024
16,1025,node1025
5,1026,node1026
6,1027,node1027
17,1028,node1028
0,1029,node1029
0,1030,node1030
0,1031,node1031
5,1032,node1032
4,1033,node1033
4,1034,node1034
0,1035,node1035
6,1036,node1036
14,1037,node1037
5,1038,node1038
18,1039,node1039
0,1040,node1040
5,1041,node1041
0,1042,node1042
0,1043,node1043
6,1044,node1044
2,1045,node1045
-1,1046,node1046
11,1047,node1047
4,1048,node1048
6,1049,node1049
5,1050,node1050
7,1051,node1051
1,1052,node1052
0,1053,node1053
0,1054,node1054
5,1055,node1055
0,1056,node1056
0,1057,node1057
7,1058,node1058
72,1059,node1059
3,1060,node1060
1,1061,node1061
5,1062,node1062
4,1063,node1063
34,1064,node1064
4,1065,node1065
6,1066,node1066
5,1067,node1067
0,1068,node1068
0,1069,node1069
0,1070,node1070
0,1071,node1071
48,1072,node1072
8,1073,node1073
7,1074,node1074
6,1075,node1075
4,1076,node1076
0,1077,node1077
7,1078,node1078
9,1079,node1079
18,1080,node1080
0,1081,node1081
48,1082,node1082
4,1083,node1083
36,1084,node1084
3,1085,node1085
4,1086,node1086
0,1087,node1087
2,1088,node1088
4,1089,node1089
3,1090,node1090
3,1091,node1091
0,1092,node1092
6,1093,node1093
0,1094,node1094
83,1095,node1095
3,1096,node1096
0,1097,node1097
37,1098,node1098
0,1099,node1099
4,1100,node1100
6,1101,node1101
2,1102,node1102
6,1103,node1103
0,1104,node1104
10,1105,node1105
2,1106,node1106
21,1107,node1107
0,1108,node1108
0,1109,node1109
3,1110,node1110
2,1111,node1111
6,1112,node1112
5,1113,node1113
0,1114,node1114
4,1115,node1115
0,1116,node1116
0,1117,node1117
5,1118,node1118
7,1119,node1119
8,1120,node1120
4,1121,node1121
111,1122,node1122
6,1123,node1123
6,1124,node1124
9,1125,node1125
8,1126,node1126
6,1127,node1127
6,1128,node1128
0,1129,node1129
7,1130,node1130
161,1131,node1131
12,1132,node1132
5,1133,node1133
0,1134,node1134
0,1135,node1135
3,1136,node1136
55,1137,node1137
0,1138,node1138
4,1139,node1139
5,1140,node1140
89,1141,node1141
5,1142,node1142
4,1143,node1143
34,1144,node1144
0,1145,node1145
4,1146,node1146
6,1147,node1147
3,1148,node1148
4,1149,node1149
0,1150,node1150
4,1151,node1151
95,1152,node1152
6,1153,node1153
33,1154,node1154
27,1155,node1155
9,1156,node1156
19,1157,node1157
43,1158,node1158
5,1159,node1159
151,1160,node1160
10,1161,node1161
16,1162,node1162
20,1163,node1163
22,1164,node1164
18,1165,node1165
23,1166,node1166
8,1167,node1167
42,1168,node1168
6,1169,node1169
47,1170,node1170
14,1171,node1171
7,1172,node1172
4,1173,node1173
17,1174,node1174
16,1175,node1175
41,1176,node1176
40,1177,node1177
32,1178,node1178
137,1179,node1179
24,1180,node1180
37,1181,node1181
41,1182,node1182
34,1183,node1183
63,1184,node1184
65,1185,node1185
89,1186,node1186
65,1187,node1187
65,1188,node1188
64,1189,node1189
67,1190,node1190
69,1191,node1191
58,1192,node1192
81,1193,node1193
51,1194,node1194
96,1195,node1195
66,1196,node1196
136,1197,node1197
56,1198,node1198
66,1199,node1199
8,1200,node1200
18,1201,node1201
10,1202,node1202
7,1203,node1203
15,1204,node1204
13,1205,node1205
7,1206,node1206
45,1207,node1207
4,1208,node1208
5,1209,node1209
6,1210,node1210
4,1211,node1211
4,1212,node1212
4,1213,node1213
4,1214,node1214
5,1215,node1215
16,1216,node1216
25,1217,node1217
11,1218,node1218
39,1219,node1219
8,1220,node1220
4,1221,node1221
2,1222,node1222
5,1223,node1223
18,1224,node1224
13,1225,node1225
21,1226,node1226
6,1227,node1227
5,1228,node1228
16,1229,node1229
2,1230,node1230
5,1231,node1231
5,1232,node1232
16,1233,node1233
17,1234,node1234
59,1235,node1235
12,1236,node1236
19,1237,node1237
4,1238,node1238
5,1239,node1239
4,1240,node1240
1,1241,node1241
4,1242,node1242
7,1243,node1243
8,1244,node1244
0,1245,node1245
3,1246,node1246
25,1247,node1247
34,1248,node1248
24,1249,node1249
20,1250,node1250
85,1251,node1251
28,1252,node1252
28,1253,node1253
26,1254,node1254
86,1255,node1255
39,1256,node1256
10,1257,node1257
35,1258,node1258
32,1259,node1259
41,1260,node1260
7,1261,node1261
114,1262,node1262
18,1263,node1263
27,1264,node1264
8,1265,node1265
29,1266,node1266
20,1267,node1267
8,1268,node1268
6,1269,node1269
19,1270,node1270
24,1271,node1271
7,1272,node1272
2,1273,node1273
10,1274,node1274
8,1275,node1275
3,1276,node1276
8,1277,node1277
16,1278,node1278
2,1279,node1279
4,1280,node1280
13,1281,node1281
2,1282,node1282
0,1283,node1283
2,1284,node1284
11,1285,node1285
8,1286,node1286
8,1287,node1287
52,1288,node1288
4,1289,node1289
2,1290,node1290
3,1291,node1291
9,1292,node1292
2,1293,node1293
5,1294,node1294
6,1295,node1295
0,1296,node1296
7,1297,node1297
0,1298,node1298
0,1299,node1299
2,1300,node1300
0,1301,node1301
6,1302,node1302
0,1303,node1303
5,1304,node1304
16,1305,node1305
5,1306,node1306
0,1307,node1307
3,1308,node1308
15,1309,node1309
3,1310,node1310
7,1311,node1311
0,1312,node1312
8,1313,node1313
6,1314,node1314
2,1315,node1315
7,1316,node1316
5,1317,node1317
6,1318,node1318
0,1319,node1319
3,1320,node1320
6,1321,node1321
3,1322,node1322
5,1323,node1323
7,1324,node1324
1,1325,node1325
3,1326,node1326
8,1327,node1327
33,1328,node1328
16,1329,node1329
7,1330,node1330
3,1331,node1331
0,1332,node1332
6,1333,node1333
1,1334,node1334
176,1335,node1335
4,1336,node1336
6,1337,node1337
6,1338,node1338
6,1339,node1339
13,1340,node1340
7,1341,node1341
4,1342,node1342
4,1343,node1343
4,1344,node1344
4,1345,node1345
23,1346,node1346
4,1347,node1347
14,1348,node1348
6,1349,node1349
16,1350,node1350
3,1351,node1351
4,1352,node1352
3,1353,node1353
3,1354,node1354
2,1355,node1355
2,1356,node1356
3,1357,node1357
5,1358,node1358
6,1359,node1359
2,1360,node1360
5,1361,node1361
21,1362,node1362
7,1363,node1363
6,1364,node1364
1,1365,node1365
4,1366,node1366
27,1367,node1367
5,1368,node1368
9,1369,node1369
5,1370,node1370
7,1371,node1371
19,1372,node1372
17,1373,node1373
6,1374,node1374
1,1375,node1375
6,1376,node1376
28,1377,node1377
3,1378,node1378
5,1379,node1379
6,1380,node1380
19,1381,node1381
6,1382,node1382
13,1383,node1383
29,1384,node1384
16,1385,node1385
4,1386,node1386
9,1387,node1387
100,1388,node1388
37,1389,node1389
17,1390,node1390
14,1391,node1391
2,1392,node1392
3,1393,node1393
6,1394,node1394
2,1395,node1395
5,1396,node1396
5,1397,node1397
7,1398,node1398
6,1399,node1399
7,1400,node1400
5,1401,node1401
6,1402,node1402
9,1403,node1403
6,1404,node1404
5,1405,node1405
5,1406,node1406
4,1407,node1407
3,1408,node1408
7,1409,node1409
7,1410,node1410
9,1411,node1411
8,1412,node1412
10,1413,node1413
6,1414,node1414
6,1415,node1415
630,1416,node1416
644,1417,node1417
644,1418,node1418
666,1419,node1419
650,1420,node1420
654,1421,node1421
648,1422,node1422
648,1423,node1423
646,1424,node1424
666,1425,node1425
650,1426,node1426
633,1427,node1427
654,1428,node1428
659,1429,node1429
666,1430,node1430
650,1431,node1431
630,1432,node1432
654,1433,node1433
654,1434,node1434
630,1435,node1435
646,1436,node1436
654,1437,node1437
630,1438,node1438
648,1439,node1439
0,1440,node1440
65,1441,node1441
28,1442,node1442
70,1443,node1443
75,1444,node1444
44,1445,node1445
5,1446,node1446
3,1447,node1447
0,1448,node1448
10,1449,node1449
681,1450,node1450
15,1451,node1451
3,1452,node1452
15,1453,node1453
49,1454,node1454
25,1455,node1455
17,1456,node1456
56,1457,node1457
40,1458,node1458
17,1459,node1459
23,1460,node1460
12,1461,node1461
35,1462,node1462
31,1463,node1463
21,1464,node1464
26,1465,node1465
22,1466,node1466
4,1467,node1467
7,1468,node1468
18,1469,node1469
27,1470,node1470
3,1471,node1471
19,1472,node1472
9,1473,node1473
9,1474,node1474
20,1475,node1475
68,1476,node1476
21,1477,node1477
85,1478,node1478
18,1479,node1479
14,1480,node1480
11,1481,node1481
6,1482,node1482
14,1483,node1483
38,1484,node1484
4,1485,node1485
11,1486,node1486
30,1487,node1487
569,1488,node1488
89,1489,node1489
50,1490,node1490
324,1491,node1491
229,1492,node1492
351,1493,node1493
339,1494,node1494
142,1495,node1495
82,1496,node1496
236,1497,node1497
75,1498,node1498
60,1499,node1499
155,1500,node1500
98,1501,node1501
258,1502,node1502
228,1503,node1503
276,1504,node1504
38,1505,node1505
18,1506,node1506
49,1507,node1507
8,1508,node1508
4,1509,node1509
37,1510,node1510
33,1511,node1511
58,1512,node1512
63,1513,node1513
46,1514,node1514
40,1515,node1515
36,1516,node1516
145,1517,node1517
31,1518,node1518
45,1519,node1519
19,1520,node1520
609,1521,node1521
495,1522,node1522
20,1523,node1523
28,1524,node1524
26,1525,node1525
199,1526,node1526
43,1527,node1527
70,1528,node1528
407,1529,node1529
142,1530,node1530
59,1531,node1531
60,1532,node1532
70,1533,node1533
80,1534,node1534
107,1535,node1535
498,1536,node1536
5,1537,node1537
18,1538,node1538
45,1539,node1539
20,1540,node1540
364,1541,node1541
449,1542,node1542
20,1543,node1543
438,1544,node1544
144,1545,node1545
549,1546,node1546
307,1547,node1547
6,1548,node1548
9,1549,node1549
14,1550,node1550
38,1551,node1551
503,1552,node1552
11,1553,node1553
18,1554,node1554
130,1555,node1555
1,1556,node1556
3,1557,node1557
2,1558,node1558
29,1559,node1559
9,1560,node1560
4,1561,node1561
8,1562,node1562
5,1563,node1563
11,1564,node1564
5,1565,node1565
9,1566,node1566
4,1567,node1567
4,1568,node1568
4,1569,node1569
3,1570,node1570
9,1571,node1571
7,1572,node1572
4,1573,node1573
2,1574,node1574
4,1575,node1575
5,1576,node1576
11,1577,node1577
5,1578,node1578
5,1579,node1579
6,1580,node1580
3,1581,node1581
2,1582,node1582
4,1583,node1583
3,1584,node1584
42,1585,node1585
5,1586,node1586
6,1587,node1587
13,1588,node1588
7,1589,node1589
22,1590,node1590
0,1591,node1591
60,1592,node1592
56,1593,node1593
46,1594,node1594
35,1595,node1595
40,1596,node1596
33,1597,node1597
48,1598,node1598
48,1599,node1599
573,1600,node1600
308,1601,node1601
18,1602,node1602
393,1603,node1603
23,1604,node1604
28,1605,node1605
574,1606,node1606
27,1607,node1607
38,1608,node1608
56,1609,node1609
19,1610,node1610
41,1611,node1611
16,1612,node1612
6,1613,node1613
155,1614,node1614
116,1615,node1615
13,1616,node1616
3,1617,node1617
316,1618,node1618
50,1619,node1619
32,1620,node1620
27,1621,node1621
356,1622,node1622
108,1623,node1623
141,1624,node1624
51,1625,node1625
17,1626,node1626
252,1627,node1627
12,1628,node1628
28,1629,node1629
8,1630,node1630
291,1631,node1631
18,1632,node1632
36,1633,node1633
91,1634,node1634
17,1635,node1635
29,1636,node1636
95,1637,node1637
17,1638,node1638
0,1639,node1639
70,1640,node1640
18,1641,node1641
22,1642,node1642
10,1643,node1643
7,1644,node1644
5,1645,node1645
37,1646,node1646
83,1647,node1647
46,1648,node1648
31,1649,node1649
52,1650,node1650
35,1651,node1651
112,1652,node1652
33,1653,node1653
6,1654,node1654
5,1655,node1655
145,1656,node1656
137,1657,node1657
178,1658,node1658
121,1659,node1659
75,1660,node1660
72,1661,node1661
89,1662,node1662
239,1663,node1663
41,1664,node1664
45,1665,node1665
76,1666,node1666
62,1667,node1667
41,1668,node1668
38,1669,node1669
101,1670,node1670
95,1671,node1671
160,1672,node1672
92,1673,node1673
81,1674,node1674
48,1675,node1675
118,1676,node1676
88,1677,node1677
85,1678,node1678
75,1679,node1679
112,1680,node1680
118,1681,node1681
106,1682,node1682
57,1683,node1683
213,1684,node1684
63,1685,node1685
171,1686,node1686
62,1687,node1687
54,1688,node1688
94,1689,node1689
61,1690,node1690
38,1691,node1691
57,1692,node1692
60,1693,node1693
69,1694,node1694
53,1695,node1695
26,1696,node1696
33,1697,node1697
24,1698,node1698
18,1699,node1699
36,1700,node1700
47,1701,node1701
18,1702,node1702
18,1703,node1703
25,1704,node1704
19,1705,node1705
14,1706,node1706
27,1707,node1707
32,1708,node1708
19,1709,node1709
26,1710,node1710
21,1711,node1711
14,1712,node1712
5,1713,node1713
21,1714,node1714
14,1715,node1715
16,1716,node1716
19,1717,node1717
7,1718,node1718
23,1719,node1719
21,1720,node1720
31,1721,node1721
17,1722,node1722
12,1723,node1723
8,1724,node1724
18,1725,node1725
20,1726,node1726
10,1727,node1727
21,1728,node1728
47,1729,node1729
10,1730,node1730
19,1731,node1731
21,1732,node1732
31,1733,node1733
25,1734,node1734
17,1735,node1735
26,1736,node1736
32,1737,node1737
27,1738,node1738
15,1739,node1739
32,1740,node1740
31,1741,node1741
24,1742,node1742
20,1743,node1743
25,1744,node1744
25,1745,node1745
21,1746,node1746
7,1747,node1747
22,1748,node1748
306,1749,node1749
27,1750,node1750
19,1751,node1751
42,1752,node1752
32,1753,node1753
29,1754,node1754
375,1755,node1755
123,1756,node1756
19,1757,node1757
35,1758,node1758
16,1759,node1759
168,1760,node1760
0,1761,node1761
0,1762,node1762
715,1763,node1763
0,1764,node1764
113,1765,node1765
0,1766,node1766
28,1767,node1767
0,1768,node1768
297,1769,node1769
0,1770,node1770
11,1771,node1771
0,1772,node1772
361,1773,node1773
51,1774,node1774
0,1775,node1775
540,1776,node1776
0,1777,node1777
0,1778,node1778
0,1779,node1779
227,1780,node1780
139,1781,node1781
318,1782,node1782
0,1783,node1783
522,1784,node1784
242,1785,node1785
58,1786,node1786
712,1787,node1787
0,1788,node1788
0,1789,node1789
0,1790,node1790
161,1791,node1791
0,1792,node1792
0,1793,node1793
341,1794,node1794
47,1795,node1795
325,1796,node1796
0,1797,node1797
45,1798,node1798
0,1799,node1799
161,1800,node1800
32,1801,node1801
12,1802,node1802
135,1803,node1803
9,1804,node1804
166,1805,node1805
166,1806,node1806
220,1807,node1807
12,1808,node1808
629,1809,node1809
9,1810,node1810
619,1811,node1811
0,1812,node1812
231,1813,node1813
443,1814,node1814
406,1815,node1815
0,1816,node1816
15,1817,node1817
0,1818,node1818
328,1819,node1819
62,1820,node1820
0,1821,node1821
339,1822,node1822
5,1823,node1823
9,1824,node1824
541,1825,node1825
683,1826,node1826
0,1827,node1827
133,1828,node1828
0,1829,node1829
298,1830,node1830
46,1831,node1831
185,1832,node1832
0,1833,node1833
167,1834,node1834
13,1835,node1835
519,1836,node1836
436,1837,node1837
193,1838,node1838
712,1839,node1839
0,1840,node1840
0,1841,node1841
0,1842,node1842
20,1843,node1843
0,1844,node1844
10,1845,node1845
614,1846,node1846
7,1847,node1847
698,1848,node1848
6,1849,node1849
200,1850,node1850
6,1851,node1851
0,1852,node1852
9,1853,node1853
10,1854,node1854
7,1855,node1855
17,1856,node1856
23,1857,node1857
55,1858,node1858
0,1859,node1859
284,1860,node1860
649,1861,node1861
96,1862,node1862
17,1863,node1863
3,1864,node1864
3,1865,node1865
3,1866,node1866
3,1867,node1867
6,1868,node1868
6,1869,node1869
6,1870,node1870
6,1871,node1871
3,1872,node1872
3,1873,node1873
3,1874,node1874
6,1875,node1875
6,1876,node1876
6,1877,node1877
6,1878,node1878
5,1879,node1879
3,1880,node1880
6,1881,node1881
6,1882,node1882
12,1883,node1883
5,1884,node1884
6,1885,node1885
3,1886,node1886
5,1887,node1887
12,1888,node1888
6,1889,node1889
6,1890,node1890
3,1891,node1891
6,1892,node1892
6,1893,node1893
6,1894,node1894
3,1895,node1895
6,1896,node1896
3,1897,node1897
12,1898,node1898
3,1899,node1899
12,1900,node1900
6,1901,node1901
6,1902,node1902
6,1903,node1903
6,1904,node1904
6,1905,node1905
6,1906,node1906
6,1907,node1907
6,1908,node1908
3,1909,node1909
6,1910,node1910
12,1911,node1911
12,1912,node1912
12,1913,node1913
12,1914,node1914
6,1915,node1915
6,1916,node1916
6,1917,node1917
12,1918,node1918
6,1919,node1919
12,1920,node1920
3,1921,node1921
6,1922,node1922
6,1923,node1923
3,1924,node1924
6,1925,node1925
6,1926,node1926
12,1927,node1927
3,1928,node1928
6,1929,node1929
5,1930,node1930
3,1931,node1931
6,1932,node1932
6,1933,node1933
6,1934,node1934
6,1935,node1935
5,1936,node1936
6,1937,node1937
6,1938,node1938
6,1939,node1939
3,1940,node1940
6,1941,node1941
6,1942,node1942
12,1943,node1943
6,1944,node1944
12,1945,node1945
12,1946,node1946
12,1947,node1947
3,1948,node1948
6,1949,node1949
5,1950,node1950
6,1951,node1951
6,1952,node1952
6,1953,node1953
6,1954,node1954
6,1955,node1955
3,1956,node1956
6,1957,node1957
5,1958,node1958
6,1959,node1959
12,1960,node1960
6,1961,node1961
5,1962,node1962
3,1963,node1963
5,1964,node1964
3,1965,node1965
6,1966,node1966
12,1967,node1967
6,1968,node1968
3,1969,node1969
6,1970,node1970
6,1971,node1971
6,1972,node1972
6,1973,node1973
6,1974,node1974
6,1975,node1975
6,1976,node1976
6,1977,node1977
12,1978,node1978
12,1979,node1979
3,1980,node1980
3,1981,node1981
12,1982,node1982
6,1983,node1983
12,1984,node1984
3,1985,node1985
6,1986,node1986
12,1987,node1987
6,1988,node1988
6,1989,node1989
6,1990,node1990
3,1991,node1991
6,1992,node1992
3,1993,node1993
6,1994,node1994
6,1995,node1995
3,1996,node1996
6,1997,node1997
6,1998,node1998
3,1999,node1999
6,2000,node2000
5,2001,node2001
5,2002,node2002
6,2003,node2003
6,2004,node2004
6,2005,node2005
5,2006,node2006
6,2007,node2007
6,2008,node2008
12,2009,node2009
6,2010,node2010
3,2011,node2011
6,2012,node2012
5,2013,node2013
6,2014,node2014
3,2015,node2015
6,2016,node2016
6,2017,node2017
6,2018,node2018
3,2019,node2019
6,2020,node2020
6,2021,node2021
6,2022,node2022
6,2023,node2023
12,2024,node2024
6,2025,node2025
6,2026,node2026
6,2027,node2027
12,2028,node2028
6,2029,node2029
6,2030,node2030
6,2031,node2031
12,2032,node2032
6,2033,node2033
6,2034,node2034
5,2035,node2035
6,2036,node2036
6,2037,node2037
12,2038,node2038
6,2039,node2039
6,2040,node2040
5,2041,node2041
12,2042,node2042
3,2043,node2043
6,2044,node2044
6,2045,node2045
12,2046,node2046
12,2047,node2047
6,2048,node2048
5,2049,node2049
6,2050,node2050
6,2051,node2051
6,2052,node2052
6,2053,node2053
6,2054,node2054
6,2055,node2055
6,2056,node2056
3,2057,node2057
12,2058,node2058
3,2059,node2059
12,2060,node2060
6,2061,node2061
12,2062,node2062
5,2063,node2063
6,2064,node2064
6,2065,node2065
3,2066,node2066
6,2067,node2067
6,2068,node2068
3,2069,node2069
3,2070,node2070
6,2071,node2071
6,2072,node2072
6,2073,node2073
12,2074,node2074
3,2075,node2075
6,2076,node2076
6,2077,node2077
6,2078,node2078
6,2079,node2079
12,2080,node2080
3,2081,node2081
12,2082,node2082
3,2083,node2083
6,2084,node2084
6,2085,node2085
6,2086,node2086
6,2087,node2087
6,2088,node2088
3,2089,node2089
6,2090,node2090
6,2091,node2091
12,2092,node2092
3,2093,node2093
12,2094,node2094
6,2095,node2095
3,2096,node2096
6,2097,node2097
6,2098,node2098
6,2099,node2099
6,2100,node2100
3,2101,node2101
6,2102,node2102
6,2103,node2103
12,2104,node2104
6,2105,node2105
6,2106,node2106
12,2107,node2107
6,2108,node2108
3,2109,node2109
6,2110,node2110
3,2111,node2111
6,2112,node2112
6,2113,node2113
5,2114,node2114
6,2115,node2115
6,2116,node2116
6,2117,node2117
6,2118,node2118
6,2119,node2119
3,2120,node2120
6,2121,node2121
6,2122,node2122
6,2123,node2123
6,2124,node2124
6,2125,node2125
6,2126,node2126
6,2127,node2127
6,2128,node2128
6,2129,node2129
6,2130,node2130
6,2131,node2131
12,2132,node2132
6,2133,node2133
6,2134,node2134
6,2135,node2135
6,2136,node2136
12,2137,node2137
5,2138,node2138
6,2139,node2139
6,2140,node2140
6,2141,node2141
5,2142,node2142
3,2143,node2143
12,2144,node2144
5,2145,node2145
3,2146,node2146
6,2147,node2147
6,2148,node2148
12,2149,node2149
6,2150,node2150
6,2151,node2151
6,2152,node2152
12,2153,node2153
12,2154,node2154
6,2155,node2155
12,2156,node2156
5,2157,node2157
12,2158,node2158
12,2159,node2159
6,2160,node2160
6,2161,node2161
6,2162,node2162
6,2163,node2163
3,2164,node2164
6,2165,node2165
6,2166,node2166
6,2167,node2167
6,2168,node2168
6,2169,node2169
6,2170,node2170
12,2171,node2171
6,2172,node2172
6,2173,node2173
6,2174,node2174
6,2175,node2175
6,2176,node2176
5,2177,node2177
12,2178,node2178
6,2179,node2179
6,2180,node2180
6,2181,node2181
12,2182,node2182
3,2183,node2183
6,2184,node2184
6,2185,node2185
6,2186,node2186
6,2187,node2187
3,2188,node2188
6,2189,node2189
6,2190,node2190
6,2191,node2191
6,2192,node2192
6,2193,node2193
6,2194,node2194
6,2195,node2195
6,2196,node2196
6,2197,node2197
6,2198,node2198
6,2199,node2199
6,2200,node2200
5,2201,node2201
3,2202,node2202
5,2203,node2203
6,2204,node2204
12,2205,node2205
12,2206,node2206
12,2207,node2207
6,2208,node2208
12,2209,node2209
6,2210,node2210
3,2211,node2211
6,2212,node2212
3,2213,node2213
12,2214,node2214
12,2215,node2215
6,2216,node2216
6,2217,node2217
6,2218,node2218
6,2219,node2219
5,2220,node2220
6,2221,node2221
6,2222,node2222
6,2223,node2223
6,2224,node2224
6,2225,node2225
12,2226,node2226
6,2227,node2227
6,2228,node2228
12,2229,node2229
6,2230,node2230
6,2231,node2231
6,2232,node2232
6,2233,node2233
6,2234,node2234
12,2235,node2235
6,2236,node2236
6,2237,node2237
6,2238,node2238
12,2239,node2239
6,2240,node2240
6,2241,node2241
6,2242,node2242
6,2243,node2243
6,2244,node2244
6,2245,node2245
12,2246,node2246
6,2247,node2247
12,2248,node2248
12,2249,node2249
3,2250,node2250
12,2251,node2251
12,2252,node2252
6,2253,node2253
6,2254,node2254
6,2255,node2255
3,2256,node2256
6,2257,node2257
3,2258,node2258
6,2259,node2259
3,2260,node2260
5,2261,node2261
3,2262,node2262
6,2263,node2263
6,2264,node2264
12,2265,node2265
6,2266,node2266
3,2267,node2267
12,2268,node2268
6,2269,node2269
6,2270,node2270
6,2271,node2271
12,2272,node2272
6,2273,node2273
6,2274,node2274
6,2275,node2275
12,2276,node2276
3,2277,node2277
6,2278,node2278
6,2279,node2279
6,2280,node2280
6,2281,node2281
3,2282,node2282
3,2283,node2283
12,2284,node2284
6,2285,node2285
12,2286,node2286
6,2287,node2287
12,2288,node2288
6,2289,node2289
6,2290,node2290
6,2291,node2291
12,2292,node2292
6,2293,node2293
6,2294,node2294
6,2295,node2295
12,2296,node2296
6,2297,node2297
12,2298,node2298
6,2299,node2299
6,2300,node2300
6,2301,node2301
3,2302,node2302
5,2303,node2303
6,2304,node2304
6,2305,node2305
6,2306,node2306
6,2307,node2307
3,2308,node2308
5,2309,node2309
6,2310,node2310
6,2311,node2311
3,2312,node2312
12,2313,node2313
6,2314,node2314
6,2315,node2315
6,2316,node2316
6,2317,node2317
6,2318,node2318
6,2319,node2319
6,2320,node2320
3,2321,node2321
3,2322,node2322
6,2323,node2323
6,2324,node2324
6,2325,node2325
6,2326,node2326
12,2327,node2327
12,2328,node2328
6,2329,node2329
6,2330,node2330
6,2331,node2331
12,2332,node2332
12,2333,node2333
3,2334,node2334
12,2335,node2335
6,2336,node2336
6,2337,node2337
12,2338,node2338
6,2339,node2339
5,2340,node2340
3,2341,node2341
6,2342,node2342
12,2343,node2343
12,2344,node2344
12,2345,node2345
12,2346,node2346
6,2347,node2347
6,2348,node2348
3,2349,node2349
6,2350,node2350
5,2351,node2351
6,2352,node2352
6,2353,node2353
3,2354,node2354
3,2355,node2355
6,2356,node2356
6,2357,node2357
12,2358,node2358
6,2359,node2359
3,2360,node2360
6,2361,node2361
6,2362,node2362
6,2363,node2363
3,2364,node2364
6,2365,node2365
5,2366,node2366
3,2367,node2367
6,2368,node2368
12,2369,node2369
5,2370,node2370
12,2371,node2371
3,2372,node2372
6,2373,node2373
6,2374,node2374
5,2375,node2375
6,2376,node2376
6,2377,node2377
3,2378,node2378
12,2379,node2379
6,2380,node2380
12,2381,node2381
3,2382,node2382
6,2383,node2383
12,2384,node2384
6,2385,node2385
6,2386,node2386
6,2387,node2387
12,2388,node2388
6,2389,node2389
12,2390,node2390
3,2391,node2391
12,2392,node2392
6,2393,node2393
12,2394,node2394
5,2395,node2395
6,2396,node2396
6,2397,node2397
5,2398,node2398
3,2399,node2399
6,2400,node2400
12,2401,node2401
3,2402,node2402
6,2403,node2403
6,2404,node2404
3,2405,node2405
6,2406,node2406
6,2407,node2407
0,2408,node2408
0,2409,node2409
0,2410,node2410
0,2411,node2411
0,2412,node2412
0,2413,node2413
0,2414,node2414
5,2415,node2415
6,2416,node2416
5,2417,node2417
3,2418,node2418
6,2419,node2419
12,2420,node2420
6,2421,node2421
6,2422,node2422
6,2423,node2423
192,2424,node2424
363,2425,node2425
369,2426,node2426
42,2427,node2427
0,2428,node2428
30,2429,node2429
0,2430,node2430
516,2431,node2431
21,2432,node2432
21,2433,node2433
21,2434,node2434
21,2435,node2435
21,2436,node2436
21,2437,node2437
21,2438,node2438
21,2439,node2439
21,2440,node2440
21,2441,node2441
21,2442,node2442
21,2443,node2443
21,2444,node2444
21,2445,node2445
21,2446,node2446
21,2447,node2447
21,2448,node2448
21,2449,node2449
21,2450,node2450
21,2451,node2451
21,2452,node2452
21,2453,node2453
21,2454,node2454
21,2455,node2455
0,2456,node2456
0,2457,node2457
0,2458,node2458
182,2459,node2459
0,2460,node2460
0,2461,node2461
0,2462,node2462
285,2463,node2463
0,2464,node2464
0,2465,node2465
80,2466,node2466
0,2467,node2467
0,2468,node2468
0,2469,node2469
90,2470,node2470
0,2471,node2471
0,2472,node2472
367,2473,node2473
0,2474,node2474
0,2475,node2475
0,2476,node2476
0,2477,node2477
0,2478,node2478
0,2479,node2479
25,2480,node2480
25,2481,node2481
24,2482,node2482
23,2483,node2483
26,2484,node2484
27,2485,node2485
25,2486,node2486
23,2487,node2487
727,2488,node2488
727,2489,node2489
727,2490,node2490
727,2491,node2491
727,2492,node2492
727,2493,node2493
727,2494,node2494
727,2495,node2495
7,2496,node2496
104,2497,node2497
0,2498,node2498
0,2499,node2499
0,2500,node2500
42,2501,node2501
0,2502,node2502
0,2503,node2503
6,2504,node2504
6,2505,node2505
6,2506,node2506
3,2507,node2507
12,2508,node2508
6,2509,node2509
12,2510,node2510
6,2511,node2511
0,2512,node2512
11,2513,node2513
0,2514,node2514
0,2515,node2515
254,2516,node2516
0,2517,node2517
401,2518,node2518
7,2519,node2519
43,2520,node2520
0,2521,node2521
0,2522,node2522
11,2523,node2523
15,2524,node2524
12,2525,node2525
0,2526,node2526
0,2527,node2527
0,2528,node2528
7,2529,node2529
9,2530,node2530
7,2531,node2531
8,2532,node2532
0,2533,node2533
3,2534,node2534
9,2535,node2535
9,2536,node2536
36,2537,node2537
6,2538,node2538
32,2539,node2539
23,2540,node2540
20,2541,node2541
37,2542,node2542
31,2543,node2543
2,2544,node2544
10,2545,node2545
3,2546,node2546
35,2547,node2547
4,2548,node2548
9,2549,node2549
3,2550,node2550
9,2551,node2551
0,2552,node2552
8,2553,node2553
11,2554,node2554
19,2555,node2555
9,2556,node2556
5,2557,node2557
32,2558,node2558
5,2559,node2559
12,2560,node2560
3,2561,node2561
3,2562,node2562
3,2563,node2563
17,2564,node2564
1,2565,node2565
4,2566,node2566
4,2567,node2567
0,2568,node2568
45,2569,node2569
30,2570,node2570
0,2571,node2571
9,2572,node2572
38,2573,node2573
12,2574,node2574
7,2575,node2575
4,2576,node2576
2,2577,node2577
18,2578,node2578
5,2579,node2579
9,2580,node2580
21,2581,node2581
66,2582,node2582
11,2583,node2583
13,2584,node2584
8,2585,node2585
11,2586,node2586
6,2587,node2587
8,2588,node2588
8,2589,node2589
6,2590,node2590
8,2591,node2591
8,2592,node2592
9,2593,node2593
6,2594,node2594
7,2595,node2595
5,2596,node2596
5,2597,node2597
5,2598,node2598
11,2599,node2599
5,2600,node2600
10,2601,node2601
8,2602,node2602
8,2603,node2603
5,2604,node2604
11,2605,node2605
11,2606,node2606
6,2607,node2607
6,2608,node2608
7,2609,node2609
11,2610,node2610
5,2611,node2611
11,2612,node2612
5,2613,node2613
11,2614,node2614
5,2615,node2615
0,2616,node2616
16,2617,node2617
0,2618,node2618
0,2619,node2619
3,2620,node2620
0,2621,node2621
0,2622,node2622
5,2623,node2623
5,2624,node2624
11,2625,node2625
2,2626,node2626
18,2627,node2627
0,2628,node2628
21,2629,node2629
134,2630,node2630
13,2631,node2631
0,2632,node2632
59,2633,node2633
21,2634,node2634
62,2635,node2635
0,2636,node2636
84,2637,node2637
11,2638,node2638
5,2639,node2639
11,2640,node2640
90,2641,node2641
10,2642,node2642
0,2643,node2643
0,2644,node2644
4,2645,node2645
655,2646,node2646
0,2647,node2647
0,2648,node2648
0,2649,node2649
0,2650,node2650
0,2651,node2651
0,2652,node2652
0,2653,node2653
0,2654,node2654
0,2655,node2655
4,2656,node2656
32,2657,node2657
0,2658,node2658
0,2659,node2659
0,2660,node2660
4,2661,node2661
5,2662,node2662
30,2663,node2663
5,2664,node2664
8,2665,node2665
5,2666,node2666
8,2667,node2667
11,2668,node2668
11,2669,node2669
8,2670,node2670
8,2671,node2671
8,2672,node2672
9,2673,node2673
6,2674,node2674
5,2675,node2675
10,2676,node2676
8,2677,node2677
7,2678,node2678
8,2679,node2679
0,2680,node2680
0,2681,node2681
66,2682,node2682
6,2683,node2683
0,2684,node2684
15,2685,node2685
0,2686,node2686
7,2687,node2687
0,2688,node2688
2,2689,node2689
0,2690,node2690
5,2691,node2691
0,2692,node2692
2,2693,node2693
2,2694,node2694
7,2695,node2695
13,2696,node2696
4,2697,node2697
16,2698,node2698
6,2699,node2699
4,2700,node2700
3,2701,node2701
12,2702,node2702
4,2703,node2703
7,2704,node2704
3,2705,node2705
16,2706,node2706
3,2707,node2707
4,2708,node2708
4,2709,node2709
4,2710,node2710
3,2711,node2711
15,2712,node2712
3,2713,node2713
4,2714,node2714
6,2715,node2715
4,2716,node2716
5,2717,node2717
7,2718,node2718
7,2719,node2719
14,2720,node2720
23,2721,node2721
7,2722,node2722
9,2723,node2723
23,2724,node2724
7,2725,node2725
16,2726,node2726
11,2727,node2727
15,2728,node2728
13,2729,node2729
17,2730,node2730
25,2731,node2731
8,2732,node2732
5,2733,node2733
4,2734,node2734
17,2735,node2735
7,2736,node2736
13,2737,node2737
13,2738,node2738
9,2739,node2739
8,2740,node2740
6,2741,node2741
8,2742,node2742
13,2743,node2743
0,2744,node2744
4,2745,node2745
0,2746,node2746
2,2747,node2747
36,2748,node2748
5,2749,node2749
7,2750,node2750
7,2751,node2751
6,2752,node2752
6,2753,node2753
9,2754,node2754
9,2755,node2755
7,2756,node2756
10,2757,node2757
9,2758,node2758
16,2759,node2759
29,2760,node2760
8,2761,node2761
6,2762,node2762
4,2763,node2763
81,2764,node2764
0,2765,node2765
0,2766,node2766
0,2767,node2767
11,2768,node2768
2,2769,node2769
22,2770,node2770
53,2771,node2771
0,2772,node2772
20,2773,node2773
6,2774,node2774
24,2775,node2775
8,2776,node2776
7,2777,node2777
5,2778,node2778
6,2779,node2779
7,2780,node2780
7,2781,node2781
8,2782,node2782
6,2783,node2783
6,2784,node2784
4,2785,node2785
9,2786,node2786
9,2787,node2787
4,2788,node2788
5,2789,node2789
8,2790,node2790
7,2791,node2791
25,2792,node2792
0,2793,node2793
18,2794,node2794
13,2795,node2795
11,2796,node2796
6,2797,node2797
24,2798,node2798
0,2799,node2799
11,2800,node2800
0,2801,node2801
30,2802,node2802
0,2803,node2803
0,2804,node2804
2,2805,node2805
28,2806,node2806
23,2807,node2807
2,2808,node2808
5,2809,node2809
5,2810,node2810
10,2811,node2811
7,2812,node2812
7,2813,node2813
11,2814,node2814
4,2815,node2815
17,2816,node2816
11,2817,node2817
8,2818,node2818
10,2819,node2819
19,2820,node2820
2,2821,node2821
7,2822,node2822
21,2823,node2823
6,2824,node2824
8,2825,node2825
10,2826,node2826
8,2827,node2827
18,2828,node2828
13,2829,node2829
39,2830,node2830
3,2831,node2831
7,2832,node2832
6,2833,node2833
61,2834,node2834
8,2835,node2835
8,2836,node2836
19,2837,node2837
17,2838,node2838
1,2839,node2839
8,2840,node2840
8,2841,node2841
10,2842,node2842
9,2843,node2843
17,2844,node2844
6,2845,node2845
8,2846,node2846
5,2847,node2847
18,2848,node2848
11,2849,node2849
16,2850,node2850
18,2851,node2851
5,2852,node2852
19,2853,node2853
12,2854,node2854
6,2855,node2855
6,2856,node2856
7,2857,node2857
4,2858,node2858
3,2859,node2859
4,2860,node2860
7,2861,node2861
9,2862,node2862
5,2863,node2863
20,2864,node2864
4,2865,node2865
12,2866,node2866
5,2867,node2867
2,2868,node2868
9,2869,node2869
6,2870,node2870
11,2871,node2871
7,2872,node2872
4,2873,node2873
6,2874,node2874
12,2875,node2875
10,2876,node2876
15,2877,node2877
6,2878,node2878
3,2879,node2879
4,2880,node2880
9,2881,node2881
6,2882,node2882
8,2883,node2883
12,2884,node2884
11,2885,node2885
9,2886,node2886
12,2887,node2887
1,2888,node2888
0,2889,node2889
5,2890,node2890
10,2891,node2891
4,2892,node2892
7,2893,node2893
47,2894,node2894
28,2895,node2895
8,2896,node2896
50,2897,node2897
31,2898,node2898
4,2899,node2899
35,2900,node2900
15,2901,node2901
8,2902,node2902
16,2903,node2903
0,2904,node2904
0,2905,node2905
5,2906,node2906
0,2907,node2907
17,2908,node2908
12,2909,node2909
17,2910,node2910
0,2911,node2911
4,2912,node2912
3,2913,node2913
26,2914,node2914
2,2915,node2915
10,2916,node2916
6,2917,node2917
0,2918,node2918
0,2919,node2919
8,2920,node2920
8,2921,node2921
8,2922,node2922
8,2923,node2923
8,2924,node2924
8,2925,node2925
8,2926,node2926
8,2927,node2927
8,2928,node2928
12,2929,node2929
8,2930,node2930
0,2931,node2931
16,2932,node2932
0,2933,node2933
0,2934,node2934
7,2935,node2935
9,2936,node2936
11,2937,node2937
19,2938,node2938
10,2939,node2939
8,2940,node2940
8,2941,node2941
11,2942,node2942
11,2943,node2943
9,2944,node2944
0,2945,node2945
0,2946,node2946
20,2947,node2947
14,2948,node2948
8,2949,node2949
0,2950,node2950
0,2951,node2951
0,2952,node2952
9,2953,node2953
0,2954,node2954
0,2955,node2955
14,2956,node2956
13,2957,node2957
9,2958,node2958
5,2959,node2959
8,2960,node2960
8,2961,node2961
8,2962,node2962
8,2963,node2963
8,2964,node2964
8,2965,node2965
8,2966,node2966
8,2967,node2967
6,2968,node2968
0,2969,node2969
0,2970,node2970
14,2971,node2971
0,2972,node2972
0,2973,node2973
0,2974,node2974
0,2975,node2975
2,2976,node2976
10,2977,node2977
14,2978,node2978
14,2979,node2979
7,2980,node2980
5,2981,node2981
7,2982,node2982
19,2983,node2983
14,2984,node2984
19,2985,node2985
1,2986,node2986
11,2987,node2987
9,2988,node2988
8,2989,node2989
8,2990,node2990
1,2991,node2991
8,2992,node2992
12,2993,node2993
24,2994,node2994
9,2995,node2995
17,2996,node2996
4,2997,node2997
9,2998,node2998
7,2999,node2999
6,3000,node3000
9,3001,node3001
15,3002,node3002
14,3003,node3003
4,3004,node3004
10,3005,node3005
10,3006,node3006
8,3007,node3007
10,3008,node3008
7,3009,node3009
10,3010,node3010
13,3011,node3011
8,3012,node3012
6,3013,node3013
8,3014,node3014
13,3015,node3015
14,3016,node3016
10,3017,node3017
5,3018,node3018
8,3019,node3019
16,3020,node3020
15,3021,node3021
5,3022,node3022
9,3023,node3023
1,3024,node3024
11,3025,node3025
13,3026,node3026
12,3027,node3027
10,3028,node3028
10,3029,node3029
12,3030,node3030
12,3031,node3031
9,3032,node3032
15,3033,node3033
7,3034,node3034
10,3035,node3035
11,3036,node3036
10,3037,node3037
6,3038,node3038
12,3039,node3039
10,3040,node3040
8,3041,node3041
14,3042,node3042
15,3043,node3043
12,3044,node3044
9,3045,node3045
13,3046,node3046
9,3047,node3047
8,3048,node3048
5,3049,node3049
13,3050,node3050
9,3051,node3051
7,3052,node3052
14,3053,node3053
15,3054,node3054
7,3055,node3055
8,3056,node3056
7,3057,node3057
7,3058,node3058
10,3059,node3059
10,3060,node3060
8,3061,node3061
10,3062,node3062
9,3063,node3063
16,3064,node3064
14,3065,node3065
6,3066,node3066
8,3067,node3067
10,3068,node3068
16,3069,node3069
4,3070,node3070
12,3071,node3071
12,3072,node3072
8,3073,node3073
12,3074,node3074
7,3075,node3075
16,3076,node3076
15,3077,node3077
7,3078,node3078
14,3079,node3079
10,3080,node3080
8,3081,node3081
9,3082,node3082
9,3083,node3083
16,3084,node3084
13,3085,node3085
12,3086,node3086
7,3087,node3087
9,3088,node3088
10,3089,node3089
5,3090,node3090
5,3091,node3091
9,3092,node3092
9,3093,node3093
11,3094,node3094
7,3095,node3095
6,3096,node3096
0,3097,node3097
13,3098,node3098
12,3099,node3099
6,3100,node3100
15,3101,node3101
4,3102,node3102
9,3103,node3103
11,3104,node3104
14,3105,node3105
10,3106,node3106
6,3107,node3107
18,3108,node3108
5,3109,node3109
7,3110,node3110
3,3111,node3111
14,3112,node3112
10,3113,node3113
11,3114,node3114
4,3115,node3115
8,3116,node3116
8,3117,node3117
9,3118,node3118
10,3119,node3119
10,3120,node3120
6,3121,node3121
10,3122,node3122
10,3123,node3123
17,3124,node3124
7,3125,node3125
8,3126,node3126
8,3127,node3127
8,3128,node3128
10,3129,node3129
4,3130,node3130
1,3131,node3131
7,3132,node3132
9,3133,node3133
6,3134,node3134
10,3135,node3135
5,3136,node3136
11,3137,node3137
14,3138,node3138
6,3139,node3139
5,3140,node3140
10,3141,node3141
4,3142,node3142
7,3143,node3143
9,3144,node3144
10,3145,node3145
3,3146,node3146
11,3147,node3147
11,3148,node3148
6,3149,node3149
5,3150,node3150
9,3151,node3151
10,3152,node3152
6,3153,node3153
3,3154,node3154
15,3155,node3155
13,3156,node3156
15,3157,node3157
6,3158,node3158
9,3159,node3159
13,3160,node3160
11,3161,node3161
9,3162,node3162
7,3163,node3163
1,3164,node3164
12,3165,node3165
6,3166,node3166
9,3167,node3167
7,3168,node3168
8,3169,node3169
15,3170,node3170
12,3171,node3171
12,3172,node3172
16,3173,node3173
13,3174,node3174
8,3175,node3175
6,3176,node3176
10,3177,node3177
17,3178,node3178
12,3179,node3179
8,3180,node3180
11,3181,node3181
8,3182,node3182
10,3183,node3183
8,3184,node3184
11,3185,node3185
12,3186,node3186
7,3187,node3187
11,3188,node3188
6,3189,node3189
10,3190,node3190
9,3191,node3191
9,3192,node3192
8,3193,node3193
13,3194,node3194
12,3195,node3195
10,3196,node3196
9,3197,node3197
1,3198,node3198
9,3199,node3199
11,3200,node3200
10,3201,node3201
10,3202,node3202
16,3203,node3203
7,3204,node3204
11,3205,node3205
9,3206,node3206
11,3207,node3207
6,3208,node3208
9,3209,node3209
13,3210,node3210
8,3211,node3211
14,3212,node3212
4,3213,node3213
11,3214,node3214
14,3215,node3215
17,3216,node3216
11,3217,node3217
10,3218,node3218
8,3219,node3219
12,3220,node3220
10,3221,node3221
15,3222,node3222
12,3223,node3223
11,3224,node3224
8,3225,node3225
8,3226,node3226
9,3227,node3227
4,3228,node3228
9,3229,node3229
10,3230,node3230
11,3231,node3231
8,3232,node3232
8,3233,node3233
6,3234,node3234
12,3235,node3235
10,3236,node3236
9,3237,node3237
9,3238,node3238
12,3239,node3239
12,3240,node3240
2,3241,node3241
3,3242,node3242
10,3243,node3243
11,3244,node3244
10,3245,node3245
9,3246,node3246
6,3247,node3247
17,3248,node3248
14,3249,node3249
0,3250,node3250
6,3251,node3251
0,3252,node3252
12,3253,node3253
13,3254,node3254
6,3255,node3255
10,3256,node3256
4,3257,node3257
4,3258,node3258
8,3259,node3259
14,3260,node3260
4,3261,node3261
10,3262,node3262
7,3263,node3263
9,3264,node3264
12,3265,node3265
7,3266,node3266
10,3267,node3267
8,3268,node3268
4,3269,node3269
10,3270,node3270
1,3271,node3271
10,3272,node3272
10,3273,node3273
10,3274,node3274
10,3275,node3275
11,3276,node3276
12,3277,node3277
7,3278,node3278
13,3279,node3279
12,3280,node3280
9,3281,node3281
12,3282,node3282
11,3283,node3283
7,3284,node3284
1,3285,node3285
11,3286,node3286
9,3287,node3287
1,3288,node3288
7,3289,node3289
7,3290,node3290
10,3291,node3291
11,3292,node3292
9,3293,node3293
6,3294,node3294
10,3295,node3295
13,3296,node3296
10,3297,node3297
7,3298,node3298
6,3299,node3299
8,3300,node3300
14,3301,node3301
9,3302,node3302
7,3303,node3303
8,3304,node3304
1,3305,node3305
7,3306,node3306
5,3307,node3307
1,3308,node3308
9,3309,node3309
13,3310,node3310
10,3311,node3311
17,3312,node3312
9,3313,node3313
8,3314,node3314
10,3315,node3315
9,3316,node3316
11,3317,node3317
11,3318,node3318
15,3319,node3319
5,3320,node3320
2,3321,node3321
7,3322,node3322
6,3323,node3323
10,3324,node3324
6,3325,node3325
15,3326,node3326
13,3327,node3327
15,3328,node3328
11,3329,node3329
7,3330,node3330
6,3331,node3331
5,3332,node3332
12,3333,node3333
2,3334,node3334
8,3335,node3335
14,3336,node3336
1,3337,node3337
7,3338,node3338
4,3339,node3339
7,3340,node3340
9,3341,node3341
1,3342,node3342
19,3343,node3343
7,3344,node3344
16,3345,node3345
6,3346,node3346
8,3347,node3347
14,3348,node3348
16,3349,node3349
13,3350,node3350
12,3351,node3351
5,3352,node3352
14,3353,node3353
8,3354,node3354
13,3355,node3355
12,3356,node3356
8,3357,node3357
15,3358,node3358
9,3359,node3359
4,3360,node3360
12,3361,node3361
15,3362,node3362
8,3363,node3363
11,3364,node3364
6,3365,node3365
11,3366,node3366
13,3367,node3367
5,3368,node3368
11,3369,node3369
11,3370,node3370
12,3371,node3371
11,3372,node3372
9,3373,node3373
23,3374,node3374
13,3375,node3375
8,3376,node3376
2,3377,node3377
6,3378,node3378
17,3379,node3379
14,3380,node3380
8,3381,node3381
10,3382,node3382
17,3383,node3383
4,3384,node3384
9,3385,node3385
9,3386,node3386
19,3387,node3387
11,3388,node3388
16,3389,node3389
9,3390,node3390
6,3391,node3391
13,3392,node3392
-1,3393,node3393
7,3394,node3394
10,3395,node3395
7,3396,node3396
9,3397,node3397
15,3398,node3398
12,3399,node3399
5,3400,node3400
10,3401,node3401
10,3402,node3402
10,3403,node3403
13,3404,node3404
8,3405,node3405
11,3406,node3406
11,3407,node3407
7,3408,node3408
9,3409,node3409
2,3410,node3410
7,3411,node3411
6,3412,node3412
6,3413,node3413
10,3414,node3414
10,3415,node3415
11,3416,node3416
5,3417,node3417
7,3418,node3418
8,3419,node3419
15,3420,node3420
8,3421,node3421
5,3422,node3422
12,3423,node3423
10,3424,node3424
13,3425,node3425
4,3426,node3426
12,3427,node3427
10,3428,node3428
8,3429,node3429
10,3430,node3430
7,3431,node3431
16,3432,node3432
10,3433,node3433
12,3434,node3434
10,3435,node3435
5,3436,node3436
13,3437,node3437
9,3438,node3438
17,3439,node3439
8,3440,node3440
11,3441,node3441
13,3442,node3442
5,3443,node3443
12,3444,node3444
9,3445,node3445
6,3446,node3446
10,3447,node3447
6,3448,node3448
6,3449,node3449
11,3450,node3450
6,3451,node3451
8,3452,node3452
6,3453,node3453
6,3454,node3454
9,3455,node3455
14,3456,node3456
10,3457,node3457
9,3458,node3458
3,3459,node3459
11,3460,node3460
14,3461,node3461
6,3462,node3462
16,3463,node3463
14,3464,node3464
8,3465,node3465
9,3466,node3466
9,3467,node3467
10,3468,node3468
13,3469,node3469
8,3470,node3470
10,3471,node3471
14,3472,node3472
12,3473,node3473
8,3474,node3474
11,3475,node3475
4,3476,node3476
11,3477,node3477
5,3478,node3478
14,3479,node3479
6,3480,node3480
10,3481,node3481
11,3482,node3482
11,3483,node3483
0,3484,node3484
10,3485,node3485
10,3486,node3486
3,3487,node3487
2,3488,node3488
13,3489,node3489
9,3490,node3490
9,3491,node3491
13,3492,node3492
12,3493,node3493
14,3494,node3494
6,3495,node3495
9,3496,node3496
9,3497,node3497
10,3498,node3498
10,3499,node3499
18,3500,node3500
12,3501,node3501
10,3502,node3502
7,3503,node3503
12,3504,node3504
8,3505,node3505
12,3506,node3506
12,3507,node3507
8,3508,node3508
6,3509,node3509
5,3510,node3510
10,3511,node3511
7,3512,node3512
12,3513,node3513
10,3514,node3514
14,3515,node3515
-3,3516,node3516
13,3517,node3517
8,3518,node3518
12,3519,node3519
10,3520,node3520
10,3521,node3521
10,3522,node3522
10,3523,node3523
6,3524,node3524
13,3525,node3525
8,3526,node3526
3,3527,node3527
13,3528,node3528
10,3529,node3529
6,3530,node3530
7,3531,node3531
2,3532,node3532
11,3533,node3533
8,3534,node3534
6,3535,node3535
13,3536,node3536
15,3537,node3537
15,3538,node3538
4,3539,node3539
2,3540,node3540
14,3541,node3541
12,3542,node3542
10,3543,node3543
8,3544,node3544
6,3545,node3545
10,3546,node3546
10,3547,node3547
8,3548,node3548
8,3549,node3549
10,3550,node3550
7,3551,node3551
0,3552,node3552
10,3553,node3553
0,3554,node3554
0,3555,node3555
0,3556,node3556
0,3557,node3557
6,3558,node3558
5,3559,node3559
8,3560,node3560
8,3561,node3561
8,3562,node3562
8,3563,node3563
8,3564,node3564
8,3565,node3565
8,3566,node3566
8,3567,node3567
14,3568,node3568
0,3569,node3569
0,3570,node3570
4,3571,node3571
0,3572,node3572
0,3573,node3573
11,3574,node3574
9,3575,node3575
0,3576,node3576
0,3577,node3577
0,3578,node3578
10,3579,node3579
11,3580,node3580
13,3581,node3581
0,3582,node3582
4,3583,node3583
4,3584,node3584
15,3585,node3585
19,3586,node3586
3,3587,node3587
9,3588,node3588
15,3589,node3589
4,3590,node3590
10,3591,node3591
6,3592,node3592
21,3593,node3593
18,3594,node3594
7,3595,node3595
0,3596,node3596
0,3597,node3597
0,3598,node3598
0,3599,node3599
0,3600,node3600
5,3601,node3601
7,3602,node3602
0,3603,node3603
5,3604,node3604
0,3605,node3605
0,3606,node3606
6,3607,node3607
0,3608,node3608
7,3609,node3609
0,3610,node3610
0,3611,node3611
0,3612,node3612
11,3613,node3613
4,3614,node3614
0,3615,node3615
16,3616,node3616
10,3617,node3617
11,3618,node3618
0,3619,node3619
13,3620,node3620
0,3621,node3621
7,3622,node3622
8,3623,node3623
0,3624,node3624
7,3625,node3625
7,3626,node3626
1,3627,node3627
0,3628,node3628
10,3629,node3629
9,3630,node3630
0,3631,node3631
0,3632,node3632
8,3633,node3633
8,3634,node3634
13,3635,node3635
0,3636,node3636
10,3637,node3637
0,3638,node3638
6,3639,node3639
12,3640,node3640
11,3641,node3641
4,3642,node3642
11,3643,node3643
10,3644,node3644
11,3645,node3645
16,3646,node3646
12,3647,node3647
10,3648,node3648
3,3649,node3649
5,3650,node3650
18,3651,node3651
9,3652,node3652
10,3653,node3653
11,3654,node3654
7,3655,node3655
0,3656,node3656
13,3657,node3657
0,3658,node3658
10,3659,node3659
0,3660,node3660
0,3661,node3661
9,3662,node3662
7,3663,node3663
13,3664,node3664
5,3665,node3665
6,3666,node3666
8,3667,node3667
12,3668,node3668
10,3669,node3669
7,3670,node3670
4,3671,node3671
10,3672,node3672
17,3673,node3673
8,3674,node3674
14,3675,node3675
9,3676,node3676
9,3677,node3677
13,3678,node3678
10,3679,node3679
13,3680,node3680
5,3681,node3681
10,3682,node3682
8,3683,node3683
6,3684,node3684
6,3685,node3685
4,3686,node3686
9,3687,node3687
6,3688,node3688
6,3689,node3689
5,3690,node3690
7,3691,node3691
8,3692,node3692
7,3693,node3693
6,3694,node3694
3,3695,node3695
0,3696,node3696
0,3697,node3697
12,3698,node3698
0,3699,node3699
0,3700,node3700
12,3701,node3701
12,3702,node3702
6,3703,node3703
10,3704,node3704
19,3705,node3705
24,3706,node3706
13,3707,node3707
21,3708,node3708
19,3709,node3709
14,3710,node3710
13,3711,node3711
18,3712,node3712
18,3713,node3713
22,3714,node3714
18,3715,node3715
15,3716,node3716
14,3717,node3717
14,3718,node3718
14,3719,node3719
17,3720,node3720
27,3721,node3721
25,3722,node3722
28,3723,node3723
39,3724,node3724
33,3725,node3725
20,3726,node3726
31,3727,node3727
0,3728,node3728
1,3729,node3729
4,3730,node3730
4,3731,node3731
3,3732,node3732
7,3733,node3733
4,3734,node3734
7,3735,node3735
0,3736,node3736
9,3737,node3737
0,3738,node3738
6,3739,node3739
2,3740,node3740
3,3741,node3741
3,3742,node3742
3,3743,node3743
16,3744,node3744
9,3745,node3745
13,3746,node3746
7,3747,node3747
20,3748,node3748
6,3749,node3749
9,3750,node3750
9,3751,node3751
13,3752,node3752
13,3753,node3753
13,3754,node3754
13,3755,node3755
13,3756,node3756
13,3757,node3757
13,3758,node3758
13,3759,node3759
11,3760,node3760
13,3761,node3761
4,3762,node3762
15,3763,node3763
11,3764,node3764
9,3765,node3765
13,3766,node3766
10,3767,node3767
7,3768,node3768
18,3769,node3769
6,3770,node3770
17,3771,node3771
25,3772,node3772
14,3773,node3773
16,3774,node3774
8,3775,node3775
17,3776,node3776
10,3777,node3777
20,3778,node3778
18,3779,node3779
17,3780,node3780
5,3781,node3781
12,3782,node3782
16,3783,node3783
18,3784,node3784
9,3785,node3785
10,3786,node3786
13,3787,node3787
8,3788,node3788
12,3789,node3789
15,3790,node3790
10,3791,node3791
13,3792,node3792
13,3793,node3793
13,3794,node3794
13,3795,node3795
13,3796,node3796
13,3797,node3797
13,3798,node3798
13,3799,node3799
10,3800,node3800
9,3801,node3801
3,3802,node3802
17,3803,node3803
13,3804,node3804
14,3805,node3805
17,3806,node3806
11,3807,node3807
15,3808,node3808
17,3809,node3809
12,3810,node3810
8,3811,node3811
11,3812,node3812
7,3813,node3813
17,3814,node3814
15,3815,node3815
13,3816,node3816
13,3817,node3817
13,3818,node3818
13,3819,node3819
13,3820,node3820
13,3821,node3821
13,3822,node3822
13,3823,node3823
13,3824,node3824
13,3825,node3825
13,3826,node3826
13,3827,node3827
13,3828,node3828
13,3829,node3829
13,3830,node3830
13,3831,node3831
22,3832,node3832
8,3833,node3833
16,3834,node3834
10,3835,node3835
16,3836,node3836
20,3837,node3837
12,3838,node3838
12,3839,node3839
15,3840,node3840
21,3841,node3841
21,3842,node3842
19,3843,node3843
30,3844,node3844
160,3845,node3845
43,3846,node3846
21,3847,node3847
15,3848,node3848
26,3849,node3849
31,3850,node3850
31,3851,node3851
22,3852,node3852
22,3853,node3853
18,3854,node3854
22,3855,node3855
24,3856,node3856
25,3857,node3857
15,3858,node3858
28,3859,node3859
20,3860,node3860
22,3861,node3861
19,3862,node3862
25,3863,node3863
24,3864,node3864
28,3865,node3865
28,3866,node3866
24,3867,node3867
24,3868,node3868
25,3869,node3869
28,3870,node3870
24,3871,node3871
163,3872,node3872
72,3873,node3873
108,3874,node3874
128,3875,node3875
311,3876,node3876
93,3877,node3877
532,3878,node3878
83,3879,node3879
126,3880,node3880
102,3881,node3881
56,3882,node3882
50,3883,node3883
65,3884,node3884
52,3885,node3885
75,3886,node3886
79,3887,node3887
34,3888,node3888
37,3889,node3889
45,3890,node3890
40,3891,node3891
149,3892,node3892
40,3893,node3893
39,3894,node3894
66,3895,node3895
39,3896,node3896
28,3897,node3897
34,3898,node3898
107,3899,node3899
42,3900,node3900
41,3901,node3901
48,3902,node3902
29,3903,node3903
45,3904,node3904
41,3905,node3905
42,3906,node3906
46,3907,node3907
56,3908,node3908
65,3909,node3909
30,3910,node3910
38,3911,node3911
64,3912,node3912
90,3913,node3913
60,3914,node3914
206,3915,node3915
144,3916,node3916
144,3917,node3917
70,3918,node3918
55,3919,node3919
166,3920,node3920
100,3921,node3921
134,3922,node3922
138,3923,node3923
134,3924,node3924
161,3925,node3925
165,3926,node3926
106,3927,node3927
20,3928,node3928
24,3929,node3929
35,3930,node3930
52,3931,node3931
28,3932,node3932
44,3933,node3933
210,3934,node3934
30,3935,node3935
18,3936,node3936
52,3937,node3937
244,3938,node3938
14,3939,node3939
76,3940,node3940
380,3941,node3941
35,3942,node3942
20,3943,node3943
0,3944,node3944
0,3945,node3945
0,3946,node3946
0,3947,node3947
0,3948,node3948
0,3949,node3949
5,3950,node3950
10,3951,node3951
55,3952,node3952
11,3953,node3953
0,3954,node3954
36,3955,node3955
15,3956,node3956
24,3957,node3957
6,3958,node3958
6,3959,node3959
0,3960,node3960
0,3961,node3961
5,3962,node3962
0,3963,node3963
5,3964,node3964
53,3965,node3965
9,3966,node3966
10,3967,node3967
24,3968,node3968
0,3969,node3969
8,3970,node3970
9,3971,node3971
0,3972,node3972
0,3973,node3973
10,3974,node3974
0,3975,node3975
19,3976,node3976
16,3977,node3977
18,3978,node3978
7,3979,node3979
2,3980,node3980
0,3981,node3981
36,3982,node3982
0,3983,node3983
11,3984,node3984
0,3985,node3985
72,3986,node3986
0,3987,node3987
18,3988,node3988
9,3989,node3989
7,3990,node3990
0,3991,node3991
12,3992,node3992
5,3993,node3993
17,3994,node3994
22,3995,node3995
6,3996,node3996
0,3997,node3997
9,3998,node3998
22,3999,node3999
